"","1-0","3-0","4-0","5-0","6-0","7-0","8-0","11-0","12-0","13-0","14-0","16-0","17-0","18-0","20-0","1082","1053","1308","1570","1021","2446","1016","1651","1630","2371","1508","2701","1363","2734","2438","2739","2744","2524","2595","2404","2614","2227","2548","2678","2299","3692","2340","2310","2444","2655","2276","2505","2225","2465","2724","2727","2720","2346","2054","2667"
"Tetranor-12-HETE",0.238366909,0.19656876,0.094091537,0.168802628,0.009940246,0.241653367,0.094119884,0.074890166,0.057357547,0.10842749,0.530137013,0.017304102,0.099970634,0.057760381,0.08516231,0.105853311,0.095782878,0.032068606,0.038800593,0.113877491,0.087683471,0.059671624,0.137350626,0.191590098,0.23580521,0.311528376,0.076212511,0.085145609,0.057610507,0.042834144,0.157616612,0.103927738,0.318138839,0.095869142,0.12348889,0.088905233,0.077369119,0.048243985,0.281474253,0.052449023,0.035611129,0.154487943,0.138010672,0.036758775,0.102235208,0.184692338,0.14468674,0.146784847,0.096213352,0.32204221,0.087502604,0.019437685,0.130281927,0.04360409,0.048072467
"9-oxoODE",125.7083714,26.91562416,41.53575529,39.18353584,58.39604698,46.53622791,29.21172406,66.43099344,58.56366735,77.27809649,68.56858506,45.69586556,34.18985386,19.71662872,16.85789508,2.480656538,10.66343762,7.840131408,3.276875693,13.5569237,6.447658408,15.21152757,11.56038247,15.77127385,8.643153062,5.412637445,16.52565182,9.311681266,10.05032918,4.355875814,5.284275352,4.494294865,5.967373796,7.560060373,13.59852508,24.96117036,10.8831027,2.221513582,18.1943692,4.286299061,0.657440314,6.802707582,9.142948669,8.217288143,13.08482966,21.47348586,35.36453418,11.86592455,8.325962607,14.60427362,27.53656094,6.66204032,14.51092207,12.91685291,6.301570103
"13-oxoODE",423.2311045,129.8242541,139.8162807,124.0145378,196.6426547,229.7563052,106.681424,252.7995677,176.5949943,290.9672424,366.0602967,163.0914219,140.2681069,74.50193695,58.08717863,13.84438598,51.29438969,44.63103592,17.80196405,60.7462937,34.11216504,65.76788471,59.5200188,100.672428,34.70312974,30.38948142,75.36744466,60.21173271,55.60983151,24.22114894,29.6572963,26.38013546,26.36951179,38.2077613,62.73299761,107.3419873,48.95744012,10.7192887,95.18923731,27.38417063,2.155073105,41.26041374,49.08381746,37.3398887,68.44669134,90.72027096,149.7482497,65.82172514,44.17026726,78.3364256,94.30003867,40.89490545,69.20516694,80.03155679,33.22323623
"9-HOTrE",1.774830363,0.514823792,0.693646295,0.353646622,0.77094622,1.416178196,0.659845828,0.859003491,0.421042278,0.566916697,1.268366691,0.844509077,0.256648634,0.46975554,0.663373543,0.155104044,0.362476026,0.212343269,0.135960592,0.434811861,0.169799341,0.660973222,0.530276893,0.554775155,0.584212594,0.389082202,0.507201163,0.437160135,0.290067478,0.346051898,0.14115619,0.416660978,0.074773069,0.387155819,0.235396207,0.519942275,0.319702642,0.298190208,0.528132098,0.327012874,0.149322637,0.166411912,0.297640907,0.559785733,1.703406828,0.852123258,1.323526512,0.837478947,0.449997769,0.711136651,0.338581393,0.642177976,0.745894055,0.68079878,0.251399469
"13-HOTrE/13-HOTrE(r)",64.5504733,20.09489799,22.62419308,20.21464686,30.28099414,35.55935724,16.60722408,38.79101116,29.47120137,45.70725646,55.57087181,26.29711924,21.85955788,12.28464015,9.319377519,2.337512441,8.378839917,7.188629154,3.013149135,9.743531922,5.671409171,10.32237708,9.565199179,15.65767861,5.779708991,4.863661103,11.34192708,9.232525397,8.870334484,4.120270069,4.616516993,4.328794366,4.700269442,6.11207919,9.458440222,16.60718055,7.705290424,1.788206169,14.32970714,4.503121577,0.403181798,6.595093472,8.228227268,6.015307783,11.94572427,14.01244343,22.3676695,10.71011409,7.009987886,11.39518435,13.92484024,6.557214776,11.27804178,12.30863364,5.410532531
"9-HODE",998.4983434,332.5768518,298.4559143,265.1917821,320.4062338,397.5634182,228.0969411,565.5604192,404.3169026,565.7707194,518.0735687,365.875493,336.9157737,172.9807942,116.846417,43.3904759,89.56766277,83.68366094,51.33175969,84.36398355,65.4923732,95.09325354,143.1903716,235.9166949,58.85143352,138.4176545,118.5463387,79.08605464,101.2008798,34.1963577,87.9309804,69.50864307,51.21392684,82.62705174,93.76595201,128.0132276,70.63434197,23.86049584,145.0698521,50.63361775,13.70009597,66.13616981,106.2087147,52.56249055,120.5880996,167.8894884,205.2484653,85.74926427,82.75187148,125.5155248,162.8248556,58.31321459,91.75594553,139.3978175,61.36970972
"13-HODE",11.7673618,3.586454604,2.600937248,3.436835494,3.854748985,10.21624227,3.772580303,7.337596008,2.92694176,5.799608186,6.003393227,3.27166041,4.7493962,2.714415709,1.954264742,0.969939535,1.548256365,1.600083234,1.50989242,3.077758822,1.836891528,3.672533553,4.811906298,4.63577877,3.37539719,3.476803706,3.278955973,2.543363554,2.384545862,1.423781419,1.565186759,1.912607628,1.247973135,2.85300466,2.845172807,2.294858283,1.472207705,2.11061716,2.393716958,2.182956109,1.014673895,1.088714271,1.866550953,3.153572709,8.764618297,3.645667808,9.563143076,4.542142673,2.812253774,3.724679223,3.047434528,3.808873268,5.460333651,5.046014771,1.896073564
"9(10)-EpOME",13.59074081,3.263242698,2.221964644,2.532803453,4.276314162,18.33255972,3.096460448,6.235313923,3.334943529,3.424133506,5.557570978,2.862384926,3.263467244,3.736446199,4.168934024,0,1.235801826,0.771849951,1.413802262,2.332420623,1.23771669,3.836614996,5.443150312,3.411469777,3.293846176,2.634452583,3.485312185,5.216183894,0,1.456232677,1.296879044,1.916476669,1.148061333,2.458220523,2.816069108,1.983347177,1.316861686,1.665311174,2.226005742,1.979454479,0.780681078,0.924047548,1.200489295,3.010500315,9.16032211,5.10933461,11.31792227,4.592593177,2.68919323,7.224337149,6.170279868,7.662648485,5.529853979,5.321022109,3.162140135
"12(13)-EpOME",880.5627337,233.8956209,223.1326269,211.5192206,253.6133649,369.3334896,236.5599096,479.9471708,287.5453623,451.8350569,585.7332173,293.7201516,255.2331905,150.0387578,101.7148454,33.47140465,77.369727,66.36629818,34.98189467,71.69271165,50.76713187,95.26500721,121.1799779,177.2695968,50.35921877,131.2287361,95.42204913,67.08362725,83.7731395,26.58295179,68.47836402,54.73099263,35.3851444,68.9058013,89.37419784,114.0271314,56.39959057,19.72260521,115.913729,35.38025134,10.97100533,54.88762939,93.75129641,49.33852028,95.89989983,141.8264216,171.0846439,70.91961686,66.85352819,105.1472218,138.4754212,44.58259842,83.60229998,93.14019088,52.30233577
"9,10-diHOME",2.100818459,2.237462149,1.406117996,1.46749539,2.278214351,2.773876652,2.472966137,4.417258953,1.450359769,1.649567278,1.951835533,2.660721462,3.160542665,1.088645472,0.747520505,0.549302877,0.715542266,3.688033906,0.64583958,0.663684364,1.539126298,1.116557204,12.62786619,1.810736207,0.432379759,1.256334032,0.649799252,1.60426922,0.599767908,0.575281622,0.318985594,0.879943334,0.622173847,0.830359395,2.468374737,0.686447468,0.781819589,0.515634562,0.731473956,0.693262388,0.675903285,0.477208386,0.866207136,0.713091872,1.007847295,0.810956216,2.352496971,1.031967035,0.788344722,0.559276013,0.662534467,0.685091041,1.201209062,2.378874564,0.464603875
"12,13-diHOME",2.536250778,3.328521674,1.644398852,1.189440018,2.278403005,1.698454208,2.970578604,2.755277606,1.699250037,3.411949836,1.902430046,2.162664561,2.501261397,1.189752135,0.690330526,0.574986548,0.722405834,2.984390132,0.473501427,0.641291852,2.414221291,1.194678765,2.321071879,2.006890733,0.460387438,1.406161353,0.576612185,1.086025738,0.565618326,0.705766701,0.265402012,0.657443891,0.456578278,0.869831601,0.874821266,0.674703015,1.044362884,0.713579147,0.769577851,0.853546764,0.731017626,0.817516605,0.873460706,0.776494726,1.130328661,0.768572416,1.524027497,1.398561028,1.365345519,0.639461283,0.651851438,0.804520124,1.059388999,2.109423546,0.552546074
"15-deoxy-delta12,14-PGJ2",0.184949952,0.13137738,0.098275905,0.134162696,0,0.162766031,0.024892047,0.055874495,0.029104172,0.132662936,0.09546636,0.105556716,0.26541633,0.027425466,0.15672056,0.014369098,0.092388828,0.020019295,0.051776026,0.095469929,0.072191515,0.081895844,0.077559095,0.101238296,0.115908367,0.045879092,0.042088068,0.049135069,0.085063156,0.049050594,0.102721838,0.04308564,0.089434643,0,0.046208461,0.040913294,0.080902382,0.029018892,0.032129042,0.066075705,0.013701312,0.151870231,0.294573975,0.137895343,0.098144396,0.13332888,0.121978269,0.050629129,0.024219103,0.214276356,0.090593638,0.083317671,0.056226111,0.025869789,0.066568127
"15-oxoETE",63.8595825,40.70750567,62.50844848,76.36332519,40.90199358,52.06945017,21.21448111,61.75368305,35.32278983,38.93416282,145.9831541,32.65133102,46.39458964,20.65613604,35.32228472,6.733565934,20.47818569,4.882351032,5.052922551,16.94245353,8.810128176,11.07333787,43.6787547,28.08938871,10.98353313,22.84651322,22.60274996,12.72171219,20.90532587,11.1208587,13.40435496,16.99342793,4.031209422,10.40346644,9.452093421,37.03391552,11.97451048,3.493121272,24.80258361,5.764132246,0.682083498,9.58603919,22.69161385,5.028391421,13.36167628,14.55045273,107.2542577,16.84932329,25.99378475,69.2858492,35.38809232,9.345638513,12.00891963,8.870048286,14.23549749
"18-HEPE",7.489989741,4.896254896,4.31596733,2.619332519,2.731905371,3.575592444,2.323565231,11.42842178,1.870675385,2.66488047,17.82870656,2.011599211,2.027861158,1.772559742,1.35867204,0.456066662,2.391159565,0.351963292,0.210015617,0.555981222,0.920935913,2.36394884,3.099796038,1.745491557,0.710684842,7.141371643,0.857791645,1.095806163,0.684227345,0.589525781,0.67170615,1.040671728,0.589075828,0.576873274,0.226077627,0.989140939,0.991047465,0.312857793,1.971105947,0.64028525,0.380770627,0.842351818,0.801812754,0.266208528,0.602026674,1.623500776,2.316621301,1.327333146,1.167353543,3.109576508,1.801580281,0.54319672,1.164005895,2.305729849,0.521585683
"15-HEPE",3.775838199,3.680041691,2.73457126,1.856843378,2.095022109,2.284676668,1.551810792,8.194328696,1.349296714,2.013335402,11.28336816,1.514557707,1.449347474,0.747026232,0.831002493,0.370292981,1.606878296,0.18185611,0.109356243,0.456693249,0.577080421,1.506247458,2.371170496,1.087045063,0.457949699,4.705386668,0.669460454,0.643497448,0.490217773,0.321122775,0.423731976,0.712057266,0.22370925,0.412745304,0.124216394,0.42593555,0.732647626,0.216503103,1.324088267,0.36292801,0.250771062,0.585936749,0.569874697,0.051496861,0.500201805,1.10930408,1.772290597,0.993962461,1.01407955,2.742824991,1.266676232,0.361382097,0.664003547,1.693072442,0.465972114
"12-HEPE",5.387152072,4.966293605,3.872117561,2.34110851,2.86525833,3.287155899,1.725018527,9.722951691,1.478192556,3.11558954,12.27264023,1.486022769,2.574470282,1.238426299,1.007169163,0.441905001,2.253296449,0.387509954,0.235853025,0.633586361,0.853166083,2.099747234,3.165715666,1.497728141,0.50874001,7.886221864,1.046608127,0.930929933,0.618066829,0.750602203,0.557564682,1.084484873,0.407329149,0.584516813,0.320425661,0.85209007,1.145481123,0.325328157,2.344179787,0.502650563,0.485263416,0.867531834,0.773460763,0.311940081,0.853476736,1.578252581,2.458606148,1.67246703,1.188183692,4.372688524,1.610498028,0.504439064,1.004143233,2.972389537,0.559317196
"5-HEPE",39.21884231,34.39116292,54.89220748,34.99626086,29.54167663,41.61003773,42.00029674,92.34178227,17.23921987,18.91862874,123.7804145,22.06915669,13.83120444,30.63198455,33.81567863,2.848158232,14.03280528,3.10668705,1.170375245,2.663953358,7.008188954,25.10716768,16.28616093,8.317199967,13.02933444,70.9825342,6.954001609,8.023716841,4.305910569,11.89913425,3.605905255,6.668856762,7.516786639,4.139586074,4.783221134,6.890448451,11.81601003,6.825262104,11.18839578,4.77400776,1.836422122,9.554299349,5.619518943,3.98529815,4.547024542,14.67265229,6.211614575,8.05837493,11.9748803,13.5720595,14.02494727,5.141572616,11.19464369,11.81538614,8.437188942
"11-HEPE",14.4636486,13.44369135,10.12411407,7.545277796,8.745339759,9.295017182,4.264337172,32.08293992,5.110294129,7.987346977,34.2210028,5.253384181,6.328491901,3.803640635,3.391703792,1.152568369,6.248692291,1.251126785,0.586531041,1.652874868,2.407032044,5.299080237,8.963668531,4.984338266,1.463538473,19.06425603,2.605541378,2.258155036,2.133552536,1.352767405,1.753390624,2.757240677,1.096348746,1.956646673,0.658487742,2.25738084,3.138829073,0.691417482,5.986425592,1.192394315,0.95806091,2.093512569,2.091757634,0.57945437,2.223465046,4.736206198,7.747189003,3.897492518,3.379869492,12.25631089,4.595543067,1.42054327,3.007245918,7.672063484,1.865827638
"8-HEPE",7.669299314,6.002218789,4.758230112,3.453111308,3.991428201,4.247571878,2.303862452,15.11434104,2.216493572,3.757458838,16.05120714,2.209802569,3.082319563,1.465317148,1.385837214,0.381888648,2.126003544,0.445950395,0.122451238,0.62385057,1.022456401,2.173347107,2.99373762,1.758657362,0.76708032,9.563268373,1.019863286,0.842168499,0.729271968,0.644909965,0.793351876,1.013476339,0.483309411,0.570846919,0.270878468,0.840948711,1.295199173,0.325507432,2.54679667,0.386961106,0.523194509,0.915900267,0.768853883,0.295159131,0.756647511,1.926627055,2.616047673,1.753436273,1.546727341,4.317821477,1.868315497,0.441845092,1.191270821,3.104047094,0.591537891
"9-HEPE",10.88778054,8.125942526,9.030363736,6.064363212,6.491029407,7.812839483,4.055359217,19.8916237,3.549530796,5.794552323,28.87314938,4.034032634,4.153546004,3.39963852,3.061050744,0.866620271,4.098514069,0.762374854,0.379895767,0.866080606,1.422868157,4.640216311,5.660606809,2.932211363,1.344833715,14.13197857,1.825292884,2.037727943,1.22718716,1.226767322,1.368086645,1.70172895,0.988030306,1.186078009,0.615779965,1.920232413,1.735294712,0.407055819,4.093776575,0.717440699,0.502401489,1.600906404,1.213880501,0.649408005,1.222363052,3.339642815,3.955469516,2.67218891,2.224661815,6.649093779,3.254301121,1.055850646,1.546065878,4.64704182,1.033438803
"12-oxoETE",0.552368819,0.192636636,0.183936089,0.109137797,0.127737377,0.382716767,0.027880891,0.325558924,0.107376965,0.196128065,0.68124563,0.134810904,0.337215029,0.138256813,0.245705844,0.047093943,0.199717022,0.023653702,0.051348547,0.137171464,0.09444532,0.115585233,0.245331669,0.321453736,0.117306089,0.12150547,0.27406287,0.134985645,0.171453771,0.080073375,0.177993912,0.114877243,0.035527471,0.072333922,0.039247334,0.310124472,0.155250467,0.013466046,0.303263411,0.030510214,0.009212365,0.113824948,0.185754391,0.044573937,0.179848833,0.125592841,0.407904722,0.138122719,0.252032287,0.645549577,0.212433485,0.193700484,0.16346166,0.081320657,0.083787404
"14(15)-EpETE",0.13266993,0.107746428,0.057788927,0.067271702,0.085594396,0.053849554,0.066333334,0.249961978,0.086997792,0.030094956,0.472201554,0.046416135,0.030354644,0.028549801,0.078922386,0.031763998,0.092319277,0.005843042,0,0.021862047,0.044687756,0.098659854,0.07568973,0.04967349,0.094897746,0.212009382,0.037635798,0.039040474,0.001786655,0.017731347,0.0042853,0.045524059,0.01199596,0.035192646,0.02558613,0.04101058,0.027042316,0.018580849,0.020947065,0.047880228,0.01354053,0.010097108,0.08488073,0.009266022,0.042331888,0.12593806,0.058758064,0.089155822,0.074564734,0.052505014,0.024880497,0.019296345,0.052919813,0.026439881,0.088812791
"17(18)-EpETE",0.041633334,0.068136309,0.041747626,0.010462813,0.045498333,0.039918735,0.011543247,0.056464934,0,0.011732784,0.057886606,0.021393136,0.012592116,0.047639012,0.009023333,0.009112029,0.027563673,0.006034582,0,0.002932882,0.011944951,0.086641418,0.007851527,0.028709556,0.017372714,0.061058448,0.01357564,0.020631429,0.006106011,0.00979878,0.020102696,0.001915175,0.027560705,0,0.014448023,0.025962187,0.012347697,0.01730907,0.007786573,0.007053822,0.004354795,0.005814723,0.039884497,0.010129569,0.016120706,0.028581771,0.118953508,0.023729148,0.007475198,0.025250151,0.012351323,0.008355784,0.030353019,0.023411083,0.025386336
"5-oxoETE",15.87866125,13.86675674,11.72350923,14.01860748,6.543475548,22.41796111,11.87165112,13.40954165,7.522441191,8.229381889,73.07011566,12.42113964,10.06127006,10.97199287,11.77708364,1.729439592,7.193217641,2.019417217,1.574510097,3.689854991,4.041671859,5.193383191,11.99013956,9.924856604,7.937219418,14.5742975,7.030726229,6.559760174,8.127094757,10.60072752,5.613563872,4.159551077,2.310040632,5.401761031,5.948346773,9.543441327,5.652031077,2.067081814,7.411666018,2.648709926,0.082100948,4.855234492,10.08248192,2.592538392,3.994629471,4.489777197,19.20118979,5.933695313,12.91085612,20.72222995,6.178046568,4.942982925,5.652135469,5.410535528,7.943745536
"14(15)-EET",0.834076953,0.481731993,0.36078248,0.458505732,0.232023075,0.415947266,0.258061591,0.332203033,0.081154626,0.383995918,1.129378411,0.473312433,0.320830002,0.291101793,0.185869447,0.073156514,0.066210389,0.047833024,0.050861454,0.07475838,0.024301861,0.063987225,0.143448433,0.161848354,0.046420824,0.166847229,0.244514739,0.177902655,0.091277818,0.081081817,0.061215122,0.117455881,0.022865198,0.083536736,0.079634252,0.217092965,0.05597591,0.063084858,0.185399992,0.065984415,0.005675786,0.092578562,0.093139351,0.089442916,0.145875914,0.097652512,0.34156278,0.180432855,0.138413491,0.421226182,0.244375331,0.219814255,0.136273408,0.157474009,0.086758866
"11(12)-EET",0.469945318,0.114594475,0.06909257,0.155064143,0.12468571,0.103739984,0.040479017,0.116693314,0.005127462,0.111130214,0.369341576,0.039126068,0.084022587,0.052317258,0.079295484,0.022278291,0.020962418,0.009061771,0.015823409,0.013002543,0.038257813,0.001704884,0.051924217,0.041284917,0.063149356,0.141181331,0.013765013,0.027949255,0.031739751,0.031533039,0.055750484,0.013712997,0.047917747,0.004202404,0,0.119284543,0.007106233,0.01153115,0.043111268,0.008539479,0.011878877,0.021467574,0.0438131,0.013094435,0.045886834,0.035769277,0.075218348,0.013057125,0.032467829,0.137643029,0.067955579,0.024678322,0.073594031,0.062183182,0.023674096
"8(9)-EET",0.09054483,0.04033378,0,0.010883118,0.041811033,0.007764602,0.034891858,0.065150688,0.052508115,0.009601879,0.031890896,0.016168181,0.034566568,0.014981727,0.023604204,0.006800075,0.000667282,0,0.005895572,0.006810877,0.010168946,0.006373491,0.008251076,0.0070685,0,0.037764172,0,0.008016638,0.006678396,0,0,0.008882062,0,0,0.002255248,0,0.000965217,0,0,0,0.007262054,0,0.002128649,0.008792586,0,0.006591601,0.002936136,0.003961309,0,0,0.031292545,0,0.009676409,0.004086098,0.006426655
"5(6)-EET",0,0.016077213,0,0.010140537,0,0,0.011686371,0.009712865,0,0,0,0,0,0,0,0,0,0,0,0,0.0028038,0,0,0,0,0.011079638,0,0,0,0,0,0,0,0,0,0,0.004546066,0,0,0,0,0,0,0.000831738,0,0.004463772,0.013571966,0.005793749,0,0,0,0,0,0,0
"15-HETE",26.46553436,12.20131432,15.67580343,17.70968244,10.37557912,12.12313955,6.836456196,18.38669623,8.894068638,9.567234547,36.74018141,8.186667576,14.1340878,5.857822585,9.199954134,2.890656526,5.4547618,1.776888606,1.72611616,4.05791908,2.22676109,2.883966673,11.55412731,6.416261546,2.765812576,23.27639574,5.378239835,3.437766848,4.397817578,2.037533927,4.861461724,4.76711247,0.853205613,2.567912481,2.185023515,5.617280248,2.744014121,1.050110392,5.028637455,1.696539464,1.118449018,2.323183786,4.885743998,1.291750887,2.394238534,3.793060305,14.98569653,3.637755732,6.675031701,10.92422327,9.229405138,2.286740436,2.908917819,2.176902505,3.300517583
"12-HETE",37.57519367,18.7905544,24.16718957,25.94637713,16.83148594,20.19630924,8.602555983,26.82117164,13.74008361,19.52496243,61.46162636,12.97623085,20.0198895,8.777057568,12.73951018,3.532466145,7.199658677,2.968523029,3.011630959,6.640387652,3.782351509,4.040006528,16.87617476,10.20485852,3.534159755,31.78675376,8.837720561,4.995481754,6.861901873,3.354238496,7.466538842,7.225303601,1.589670934,4.121983985,3.41669365,8.42797423,4.021345281,1.693101646,9.411103721,3.186212267,2.021798691,4.125826882,7.686039231,1.757014743,4.427215846,5.546701735,26.45630294,7.364631986,9.819085664,17.07524528,13.87557681,3.914801968,4.285482179,4.365833137,5.315959199
"5-HETE",860.0717285,338.9975325,661.5550513,637.9986104,340.1115613,569.9190723,488.518355,555.9029262,331.1163612,315.0349632,1501.568603,330.4303542,266.6680412,315.5175565,603.5046163,31.07261048,93.20331369,37.78260222,27.65403555,60.76993027,70.20379631,96.37610386,153.8108211,120.1153431,115.1329559,520.9796992,129.8663129,103.3024285,82.85379051,110.4608897,93.26657475,73.75848247,38.03179228,67.46168772,128.9724999,136.7300551,72.79960834,50.79403438,105.4911446,48.52265111,11.58091811,72.7228044,92.98337816,42.50501857,49.33776338,106.4686473,173.5502255,72.06299886,189.6768237,116.8293575,211.5476482,80.74257704,84.3506001,73.38318909,131.5113486
"20-HETE",0.082382482,0.049727715,0.006486546,0.017687847,0.031991093,0.029108953,0.040952745,0.028572434,0.027648365,0.008649542,0.169507217,0.027302804,0.008102977,0.002767507,0,0.019934885,0.00559938,0.027206308,0.023120848,0.013042731,0.025914909,0.018527693,0.048659177,0.026366047,0.051097471,0.071840957,0.020815285,0.064462592,0.022994868,0.012485588,0.027276079,0.023008673,0.041538138,0.013248487,0.022256615,0.054809219,0.028709073,0.034741035,0.020188456,0.021312773,0.025619804,0.026269164,0.013711128,0.026158103,0.058141778,0.011810643,0.045574915,0.05272189,0.012306272,0.058398659,0.022744075,0.059442283,0.035443179,0.012004613,0.033361849
"11-HETE",403.9817282,166.8086566,263.4281455,279.0108785,163.7962718,213.4785963,72.7477337,284.8990071,157.9259404,189.2653926,547.845052,128.1777038,205.8252571,83.15725041,142.954671,28.8477463,59.00213321,21.31194513,21.02034894,60.5378678,27.8864434,30.71176411,156.9190394,109.3807743,30.28958475,232.7667233,79.92351576,39.9196197,83.91698283,23.7068104,60.88653355,63.54422563,15.11405682,40.83126617,35.33123825,110.5190906,39.08470511,11.962618,86.96968276,22.03532708,9.341611477,34.9839806,75.86890968,15.55380303,41.34919717,60.57213988,283.0302711,69.19549808,90.16540639,194.7874082,151.7613916,35.47909926,45.447523,35.75975415,54.61929519
"16-HETE",2.692251976,0.869513181,1.041842484,1.18353734,2.002440995,1.532302811,0.125517194,2.596679093,0.743273902,0,4.644361746,0.16136705,0.752985251,0.791462606,0.391922688,0.427773579,0.669149237,0.28128908,0.15823703,0.46631074,0.286964519,0.467895281,0.64980729,0.40909204,0.135727265,2.47684483,0.230469625,0.45260306,0.349996799,0.279220021,0.145544408,0.085864006,0.103248303,0.1789313,0.106139018,0.399015207,0.53522904,0.219529291,0.176489167,0.01316241,0.10253893,0.373808301,0.37594037,0.134947357,0.368577359,0.459154527,1.058600667,0.061644273,0,1.606242722,0.131530117,0,0.232312143,0.24941802,0.575108053
"17-HETE",0.334013008,0.293437588,0.113670302,0.129702427,0.114267678,0.147152498,0.046136354,0.130678716,0.064654505,0.070810602,0.153817257,0.113423503,0.055567648,0.117809309,0.062096049,0.037548389,0.066872624,0.015089348,0.002637256,0.047307976,0.041567554,0.085245878,0.233824509,0.026383787,0.03563421,0.426322448,0.019061995,0.037606811,0.044578012,0.023295569,0.039568618,0.024001551,0.014244303,0.054828994,0.043971521,0.026546057,0.021679134,0.048784263,0.027845345,0.018312648,0.020765696,0.004416667,0.034864378,0.043617077,0.06614224,0.083847002,0.042763061,0.06399949,0.049100286,0.138474792,0.073337443,0.042950492,0.034343626,0.032485266,0.100129046
"18-HETE",5.53593263,1.236634813,3.795348275,1.684148491,1.304443412,2.51458053,0.606144183,1.090215712,0.775089651,1.60076809,6.895822542,0.611348555,0.910556689,1.053588539,0.607314561,0.2662684,0.595563088,0.220333125,0.111532732,0.177408753,0.379578394,0.529973682,0.696060469,0.540940056,0.348892329,5.639952322,0.594566226,0.516308276,0.520877921,0.259640204,0.289533385,0.625268425,0.243767423,0.562346229,0.465797763,0.623732907,0.245364729,0.094978883,1.487312933,0.235373675,0.212514136,0.537657855,0.58962771,0.177409738,0.812189937,1.061266823,0.313860913,0.559052352,0.706272695,1.306377202,0.940165341,0.209386804,0.386998649,0.329790806,0.316024086
"9-HETE",42.247172,19.97189657,23.92124087,23.68944788,15.29303142,19.6658158,14.36321319,27.19146403,14.99143281,15.00124739,56.07548414,12.93341933,14.8620113,10.57863954,15.95777683,2.086553922,4.984168263,2.491611825,1.959188004,4.381915167,3.888062116,4.178746637,10.97023275,7.532843662,4.23377512,23.76503286,7.159950957,4.9346774,5.709190592,4.194084205,5.867113771,4.838895674,1.682760067,3.734451254,4.244055401,7.725035385,3.671179653,1.863243781,7.240177358,2.556878393,1.127814365,3.397140388,5.69068908,1.65531239,3.414588028,5.366748481,16.14019071,5.011248863,9.466408576,10.99053041,11.84707065,3.737284085,4.079060038,3.883248272,5.476145799
"8-HETE",58.00282494,26.52785395,33.73027106,38.71510578,24.55040733,27.9242118,12.46603111,41.83533924,21.27215157,27.30449198,79.44134015,17.44977781,26.76461242,11.05277166,18.37804111,4.098380248,7.421045929,3.507960349,3.059305484,7.597610584,4.669551022,4.707708486,16.71428489,11.76461661,4.644833694,39.11783627,11.33851207,5.8420997,8.968132505,4.3153673,9.40122858,8.803031857,2.581359107,5.338613594,4.386710158,10.96988828,4.722606738,1.880464691,11.69923276,3.0860196,2.225194237,4.973613442,8.908176504,2.042489513,5.244641207,6.741417146,31.23813769,9.516593968,12.61597948,21.61772471,19.14665645,4.92846741,5.223331857,5.209118939,7.208515628
"5-HETrE",22.56376566,20.28830324,26.97043267,22.43937305,10.65504708,14.33354833,11.65051738,11.32610593,5.540382383,6.989271095,55.01089403,6.836781819,4.210247524,6.839196591,13.94950774,0.713609993,3.792361683,0.496291039,0.92070034,1.102339869,1.314557318,1.058709954,3.353938066,2.29546332,3.688428148,19.90087618,2.339246117,1.547139698,1.80594892,1.906519321,0.98744155,1.757784627,0.497935756,0.928236869,2.218987999,2.301644001,1.027529047,0.851488412,2.788255104,1.038128226,0.27244474,1.500613397,2.596979339,0.691275345,1.15279227,2.460906636,2.900836206,1.585675677,3.408028745,6.928565435,9.360650308,1.47318892,1.42891886,1.388836145,3.034565298
"8-HETrE",55.62569625,15.76900789,28.12408554,19.67206918,16.38290989,16.33685147,5.835335802,11.69560064,10.54233686,16.98795927,41.98098829,10.53692964,9.530250957,6.620443837,5.425303217,2.801571203,2.835444294,1.975719864,2.291493163,3.524610662,2.74708343,2.124898567,6.459864235,4.535429827,2.142531916,27.78591411,5.375229492,4.482208699,4.854843539,1.833386197,4.793844046,5.423579109,1.529262998,3.870301055,3.567009602,4.269739937,2.108336508,0.778629355,7.482100896,2.20676982,1.085225388,2.696320757,5.122032163,1.462616106,3.571179582,5.687152555,10.41231957,4.094625203,4.598233789,9.859345347,10.10868068,2.316240956,3.210891596,3.283495121,3.538657557
"15-HETrE",67.24079138,80.62306128,53.86578336,53.13886352,57.51923725,54.3531503,47.535736,61.00429904,57.85603728,57.30446989,138.5128304,42.07860553,57.55127169,54.565502,46.84968036,30.78322,50.09460558,43.21922566,47.29085691,36.84421904,39.82724601,63.57790743,42.30295091,64.49497903,58.06766055,83.68710297,36.51836107,42.53960823,44.87883575,30.07468388,56.06152338,33.89048135,53.72675792,33.03614051,37.33920409,42.83872486,34.48380972,40.74541926,42.41502139,37.37218188,44.60013012,55.8256141,59.51732005,28.83498648,30.98922032,43.70864546,59.22707857,43.15185925,50.74220339,45.36333263,51.20572423,52.24790697,64.07382772,67.62717293,67.35778109
"2,3-dinor-11beta-PGF2a",0,0.006146245,0.035452427,0.043804875,0.068432826,0.010491238,0.028991435,0.002700728,0.031623141,0.025061849,0.048038721,0.020233696,0,0.059690106,0.035201609,0,0.015544817,0.033954853,0.016155405,0.028576593,0.010779206,0.00966631,0.009123507,0.018261136,0.010746203,0.018982104,0,0.011166029,0,0.019026674,0.013620707,0,0.020957948,0.01593882,0.018426176,0.026029607,0.003148768,0.00668302,0.009228708,0,0.000896685,0.012511054,0.023466112,0.014724518,0,0.052531982,0.017014384,0.002518768,0.020647993,0,0.011589555,0,0.009293507,0.024898825,0.004636002
"tetranor-PGFM",0,0,0,0.03608482,0.014255827,0.010508545,0.002869058,0.047079754,0.031157548,0.014434529,0.046341217,0,0.011826268,0.009287338,0.021395605,0,0,0.013645884,0,0.015873971,0,0.038964658,0,0.02395759,0.008674714,0.009897188,0,0.005845234,0.0049866,0.01902509,0,0,0.0192325,0.00443645,0,0.004040497,0.019508707,0,0.009803887,0.012022602,0,0.033375889,0.023461822,0.016547372,0.025705435,0.053350704,0.014785,0,0,0.010902242,0.011611597,0.028012916,0,0.005910481,0
"12-oxoLTB4",9.591836868,7.010790553,7.004631438,9.844093454,8.524733894,7.64371301,4.925710769,12.70689198,8.281134622,8.152124493,16.01200839,7.547542884,7.703385291,6.497336296,8.352879203,1.002982208,3.199753704,2.610117266,1.023135242,4.127353602,1.843123209,3.240304346,4.854246141,4.040993505,2.926334081,3.497244455,3.165194494,4.468999341,1.018570443,0.454480954,1.822179378,2.980505256,1.213565147,1.51496377,4.00927555,8.530890157,3.123529474,0.607773478,3.150860286,1.152802021,0.011833565,2.461119591,4.580006337,2.278023111,2.660051383,2.965762644,3.318821332,4.305876962,4.320307751,3.826639883,4.735612357,2.817900633,1.990092618,3.078788274,4.301246041
"PGA2/PGJ2",0.306131938,0.12699257,0.493262265,0.573943213,0.015502856,0.504423052,0.161923137,0.392526428,0.22329049,0.448137216,0.168891808,0.349113235,0.718797314,0.746074277,1.329593628,0.199555149,0.399444783,0.093958825,0.213846527,0.097345036,0.184985177,0.277493306,0.580836084,0.512418182,0.344471215,0.504153222,0.639544325,0.272166354,0.192130778,0.130113778,0.270252119,0.363134646,0.338243662,0.216316736,0.167383113,0.577137079,0.352779742,0.109429684,0.32211705,0.136023646,0.032787617,0.479819631,0.838438747,0.159135408,0.115117306,0.166720868,0.651244509,0.382969517,0.241230338,0.674774573,0.518222522,0.256053756,0.081162151,0.548344097,0.227234565
"PGB2",0.180199711,0.186125352,0.92128278,0.539463107,0.408735011,0.518945939,0.133049962,0.343122787,0.963845568,0.258488391,0.877655916,0.657641782,0.671438519,0.527492653,1.191268411,0.072813431,0.570310357,0.398213517,0.126733772,0.259928283,0.174442482,0.396552693,0.629131827,0.225577157,0.349521794,0.201505666,0.6378319,0.399541316,0.055181111,0.315294605,0.110301056,0.293132713,0.285425502,0.166124304,0.353385068,0.366312242,0.431792918,0.199270328,0.115046946,0.253985422,0.023290801,0.240822464,0.915720549,0.196601412,0.248537645,0.193101181,0.116453712,0.43764088,0.225714992,0.779928422,0.252090578,0.211436373,0.162455847,0.22290018,0.266211545
"15-deoxy-delta12,14-PGD2",0.054699755,0.013404851,0.039033145,0.021341196,0,0.013411756,0.025160043,0.029402778,0.065467465,0.024755696,0.062828112,0.029028647,0.069510587,0.033904592,0.007199706,0.018108697,0.032368372,0.026188609,0.026829509,0.076098116,0.049677147,0.047501585,0.021105007,0.017911433,0.022664948,0.025107943,0.027923494,0.083319059,0.017633459,0.033735653,0.037281241,0.019435774,0.013200737,0,0.022268341,0.050190438,0.03149305,0.00668302,0.010687511,0.018899791,0.022988058,0.015257912,0.007208051,0.041863357,0.015302664,0.031156009,0.024615191,0.020554479,0.017152464,0.042384551,0.044314529,0.043785861,0.012753634,0.086551918,0.037823597
"13,14-dihydro-15-keto PGA2",0.65509542,0.418010636,0.546725471,0.715461861,0.927563107,0.413546509,0.355134001,0.336214793,0.461944492,0.50892175,0.802800156,1.00529976,0.632516345,1.030118781,0.830867404,0.183449226,0.618217478,0.598841059,0.175148058,0.833871135,0.276113729,0.300974134,0.425308408,0.239047534,0.382095598,0.22139308,0.482915969,0.768516544,0.295923698,0.193370889,0.111802232,0.433143738,0.243268927,0.199698429,0.275478284,0.52562605,0.243203834,0.072489573,0.478806423,0.288300972,0.034907088,0.40872261,0.956499277,0.551060423,0.317419997,0.322989494,0.409646626,0.473899046,0.24729396,1.009895475,0.543826307,0.291556576,0.326670781,0.45622975,0.185023443
"Bicyclo PGE2",0.277863591,0.166216894,0.556526484,0.975236116,0.592659799,0.616031424,0.184094067,0.176784796,0.401288814,0.551221505,0.741328153,0.342606837,1.015415708,0.862178481,0.563196791,0.264085732,0.623013024,0.369355375,0.188013746,0.265396285,0.363551045,0.118442703,0.354932566,0.23581159,0.375321081,0.264869595,0.507372158,0.299584617,0.116726069,0.184274042,0.22244655,0.391776646,0.25055912,0.122255538,0.313988413,0.449274362,0.185108615,0.195525224,0.10535194,0.285918543,0.036897966,0.298470005,0.238635975,0.432292615,0.416444972,0.52818494,0.306002853,0.201742161,0.182611215,0.489176266,0.613055644,0.087989047,0.119806224,0.24051978,0.212994385
"delta12-PGJ2",0.177412195,0.215875398,0.65515619,0.669311487,0.800631085,0.481975586,0.180318117,0.411768401,0.169439536,0.491738638,0.118666539,0.564976778,0.715024642,0.896118626,1.08761538,0.212732197,0.628185596,0.090828843,0.293578901,0.198314482,0.202309228,0.314088596,0.694844121,0.573554151,0.308322709,0.362000871,0.624699652,0.279022022,0.211723623,0.14113462,0.234317519,0.250894372,0.350830255,0.301725582,0.154204693,0.611913328,0.392491401,0.107466317,0.351219965,0.153439678,0.042276769,0.475840296,0.906716354,0.143449421,0.494951007,0.411619698,0.703795318,0.475263006,0.257576369,0.527510275,0.547027355,0.244643421,0.087673492,0.548787494,0.180569795
"LTB4",385.5799035,298.7438277,463.697487,569.8952276,329.1070553,415.3731986,409.1120237,528.2827785,225.5794396,327.1864548,920.6792199,292.0361259,249.6117403,402.3884107,437.473855,54.17155616,180.8178126,93.43865086,35.077282,103.304291,81.72788335,195.0145361,206.4138298,197.1230362,197.4798344,449.9566952,147.4448033,167.6247934,128.8561033,143.6960745,118.5657645,148.5074805,72.76807904,85.96615199,214.4791726,323.6537617,153.7388952,52.09693985,107.7170596,105.9330043,5.060110763,149.2787355,217.760433,82.27971807,116.478141,175.6984353,146.7255286,176.9682108,190.0420299,135.115268,228.0105214,111.0995795,140.4495227,145.0069236,286.2481424
"5,6-diHETE",34.62547248,13.96596682,28.52825354,59.3680869,15.15250295,37.43091489,25.953758,31.56582365,11.14601204,28.63428604,85.85215175,20.54795062,11.13566197,17.02099993,43.29690162,2.802313932,8.323171626,2.870615507,1.044152883,5.987609208,4.485911276,9.856734751,14.07749908,6.385625926,6.204317332,34.01130883,12.44674493,9.485115445,5.39572287,7.133557236,10.42435649,9.95638139,2.723095915,6.062771188,11.3403244,16.06224263,6.873562164,3.280163844,9.254005437,4.871005865,0.227559381,7.825209181,8.401102949,4.035376859,7.129100676,12.09406674,7.934016478,5.253888845,6.934907655,8.829255225,14.1708081,5.093879136,5.16603578,5.978981024,12.72862004
"5,15-diHETE",0.904472885,1.17971227,0.47828978,1.144790871,0.967717051,0.973410685,0.763463117,1.479437121,1.112473664,1.140053372,3.473189217,0.681786898,0.91621925,1.046015599,0.647244237,0.274199645,0.418490352,0.280053753,0.04697241,0.435971606,0.213640757,0.182669407,1.27724753,0.889576918,0.382276258,0.524889923,0.534964665,0.617297185,0.553200643,0.177564304,0.286668031,0.343178001,0.143499476,0.363617518,0.329977564,1.184572606,0.314844149,0.033373184,0.220381029,0.341324412,0.014973852,0.282684812,0.661139567,0.195654692,0.596042428,0.34737941,0.414465533,0.484890289,0.455516063,0.37099055,0.55803844,0.194577597,0.375080881,0.245225946,0.371492665
"Hepoxilin A3",4.572672818,2.259473543,1.719550859,2.179404564,2.234642291,2.57572853,0.804444699,3.230582133,1.088671874,0.778921618,6.866069383,0.86223485,2.5465418,0.421395063,0.924537674,0.156749151,1.78998955,0.838693529,0.197288411,1.632708286,0.268704903,0.412258552,3.661197901,1.576959532,0.562713636,1.864045028,1.856769204,0.685098712,0.372316872,0.512290663,0.550791401,2.011355788,0.240544397,0.752909517,0,1.963418511,0.614133698,0.153049293,0.528845763,0.065750409,0.029946687,0.552612111,1.616834728,0.146233371,0.336089238,0.521223346,2.85523369,1.661228286,1.161377606,1.229375053,1.206958772,0.362924678,0.510531193,1.314832934,0.654510741
"14,15-diHETE",9.247176271,3.032835237,6.765209422,3.063359288,3.846352079,5.503333784,1.402779073,3.332331163,2.537443035,5.086018231,10.20335776,3.425870401,1.902347835,5.209014689,1.355817452,0.642238419,1.515386784,0.276459185,0.224685106,0.457758133,0.870352493,2.439786308,0.827525928,1.38885324,1.265795745,5.132227807,1.148625459,1.845336114,1.098615325,0.393645404,0.578311811,1.84323274,1.050379662,1.360103661,1.851516717,2.030715037,1.414778466,0.08790429,2.708718242,0.595420825,0.100088035,1.627029861,1.142834724,0.903380014,2.711609852,5.677084795,0.265355617,1.842828818,1.105204262,1.65113909,2.195481965,0.75265191,1.121529277,2.63398656,2.014078323
"17,18-diHETE",0.939250957,0.645444755,0.496462527,0.815555014,0.718051866,0.778922449,0.618728504,1.778256986,0.370192118,0.631796609,1.140079728,0.542265095,0.442653032,0.820152634,0.312302847,0.36184723,0.361608179,0.319581738,0.131670568,0.328797002,0.256536728,0.739383405,0.395897278,0.273469484,0.432365471,0.583457128,0.324192701,0.458644,0.144608787,0.262195242,0.311445901,0.1932188,0.221633991,0.205575746,0.338898448,0.409545215,0.326717209,0.228310175,0.407413729,0.238298892,0.141178714,0.330834263,0.37127115,0.27038853,0.355021381,0.605019348,0.122694894,0.415951478,0.328972425,0.324753362,0.266692036,0.315566839,0.299767172,0.485124682,0.386364524
"PGA1",6.011319962,0,5.381516439,3.29389855,4.631371873,1.724827639,1.167290378,0,2.342046681,0.956129667,0,3.271237627,0,3.332162447,2.604835277,0.110177285,0.611941227,0.173871606,0,0.172271766,1.015531261,0,0,1.227412822,0,2.334097376,1.684544814,0.55009206,0.371873663,0.230393504,0.486847606,0,0.106042357,0.881908859,0,0.466670315,0,0.1579013,0,0.858553138,0.02672705,0,0,0.183007684,0.405562226,0,0,1.084786529,0,2.104137892,1.198892755,0,0.497209416,0.994653475,0.446325887
"5,6-diHETrE",1.920949599,1.931407476,2.51369324,5.712570551,1.461190791,2.589129102,1.802121397,3.438560246,0.884055718,1.891574463,7.440330297,0.860425849,1.063331653,1.76447035,3.021690119,0.236039549,1.175507499,0.642635406,0.072299415,0.685108922,0.252744444,1.069018877,0.638707,0.54376157,0.578693761,2.005397535,0.961561929,1.145523879,0.262823101,0.936061882,0.211158505,0.399132037,0.290018089,0.339654584,0.808326144,1.095501623,0.733282566,0.235473523,0.656953723,0.215361826,0.173733514,0.704836691,0.721720467,0.46693105,0.290477273,0.833901729,0.484806178,0.854948217,0.719009383,0.972922776,0.657319211,0.527746018,0.35890778,0.477529622,0.855047938
"8,9-diHETrE",1.484122223,0.41960243,0.604420735,0.86985421,0.297617929,0.606655273,0.409220856,1.274502905,0.269779441,0.697652007,1.18021938,0.326452582,0.274924524,0.207479099,0.345881464,0.088595304,0.30565138,0.148987767,0.003098859,0.108205533,0.06686983,0.148825584,0.530340789,0.168703029,0.063435998,0.530423356,0.145573906,0.208909929,0.191061834,0.275103073,0.068951263,0.214460529,0.057337898,0.09147697,0.104601402,0.349689106,0.254652077,0.089815799,0.227331124,0.190673218,0.059891395,0.146979623,0.253552239,0.111531985,0.154345844,0.28384235,0.217853683,0.189383442,0.086131714,0.486974337,0.296643486,0.124206348,0.126374619,0.161772511,0.2285659
"11,12-diHETrE",3.496379127,1.577444182,1.906933753,4.379675036,2.535090266,1.489083427,1.174873147,2.369632529,1.128912427,1.751212359,4.728454475,1.350130903,0.46769891,2.113168111,0.940530496,0.30553229,1.324648563,0.779120455,0.313040973,1.007976879,0.443228785,0.895242018,2.165246956,0.559413449,0.646567666,0.81619236,1.201523254,1.335485476,0.519847495,0.548420399,0.464317548,0.570524986,0.25721761,0.400233991,0.505856472,1.1756724,0.478638508,0.332419631,0.348090722,0.428223205,0.186561182,0.65553231,1.227118605,0.765329696,0.713140426,1.042962034,0.844358965,1.508864688,0.516586994,1.118712404,1.169115872,0.62627911,0.659020102,0.577622907,0.900720283
"14,15-diHETrE",6.453356175,3.089174465,3.910931926,3.580340833,3.317934165,3.395673676,1.544024743,2.811209971,1.497553201,2.852334901,6.239824085,1.983644608,1.84310252,2.233110115,1.828408283,0.500101618,1.418945431,0.993967735,0.263638249,1.460973658,0.422337922,1.275444682,2.199538342,1.030402737,0.717408145,2.757561406,1.790644734,1.79303064,0.869581779,0.552193582,0.752260451,1.713399348,0.210546647,0.566526398,1.300592511,1.750559117,1.026286427,0.370461023,0.923962902,1.058096284,0.191595374,0.563452016,1.586371611,0.782772865,1.193531394,1.269459366,0.945634716,1.886842366,1.356287,1.740014097,2.030894685,0.579683243,0.538437875,1.137808781,1.521636165
"2,3-dinor TxB2",0.067400746,0.061801778,0.038522102,0.058996063,0.088152892,0.067534434,0.07641917,0.029552894,0.086192712,0.072498061,0.04646254,0.130854013,0.04542996,0.025451092,0.048834054,0.012142038,0.048871724,0,0.010711031,0.015870002,0.043938406,0.009666056,0.01530562,0.055296433,0.04774827,0.030673224,0.038665994,0.032461105,0.019232723,0.01902509,0,0.055584588,0.019169927,0,0,0.036329999,0.03660548,0.013044961,0.027522078,0.018831981,0,0.012132635,0.128011948,0.030654045,0,0.065462385,0.010168099,0.02316991,0.019195755,0.028160954,0.038902166,0,0.040158536,0.040227213,0.016397583
"17-HDHA",4.044989085,1.131231305,1.107538223,0.634508481,0.905294688,1.764439319,0.945377195,2.608575347,0.901276847,1.152284045,3.417313948,0.79309311,0.348350898,0.694102463,0.997990127,0.193692756,0.342575945,0.1476863,0.044441709,0.422612231,0.230033168,0.246099167,0.735088546,0.632084065,0.061237621,2.910798384,0.204885663,0.346067883,0.206361804,0.125736852,0.323256654,0.345606847,0.107859683,0.359532437,0.214888894,0.381163252,0.119630936,0.121538067,0.62952406,0.120085044,0.09126861,0.241279953,0.288689867,0.080456764,0.291092848,0.53823786,1.291338173,0.198751131,0.436254937,0.787720491,0.711864198,0.135186037,0.293397039,0.147028175,0.220510773
"14-HDHA",5.16709411,1.756308249,2.162880567,1.768796807,1.507979718,2.019718817,1.126072145,4.209543619,1.618322106,1.810970761,7.88744088,1.186155227,0.720968773,0.906066748,1.257768101,0.314611414,0.529512802,0.213770109,0.08802302,0.600258717,0.374721182,0.673706857,0.823475766,0.849370894,0.215292931,3.9425675,0.604049328,0.427083655,0.382006269,0.140232854,0.546370085,0.608217521,0.141788393,0.56699874,0.290625825,0.285299923,0.398285431,0.147178422,0.631876034,0.177273924,0.213053067,0.291843172,0.522327342,0.090516622,0.468014513,0.878002145,1.685389741,0.213746007,0.54642631,1.063528072,1.175064273,0.213167219,0.425804532,0.319698637,0.244081112
"7-HDHA",4.516988527,1.553502969,1.71603342,1.45605092,1.418530408,1.320835616,0.980726641,3.32943748,1.424731194,1.475204609,5.894308477,0.830468368,0.766159373,0.914718242,1.050288717,0.133793283,0.433300209,0.220967508,0.116454657,0.395709739,0.256069665,0.625257275,0.703974928,0.533278425,0.206564275,2.952749421,0.684853373,0.37646412,0.20562983,0.181539113,0.397354778,0.425875575,0.168986384,0.51057633,0.14353677,0.200861321,0.320418325,0.09986141,0.561835802,0.15022246,0.136141713,0.251357794,0.255807785,0.120040315,0.484126097,0.646679435,1.255685367,0.222944001,0.47163494,0.722491535,1.162648872,0.140935748,0.345615573,0.353845618,0.365217916
"4-HDHA",45.92667588,8.722280385,21.61731351,13.55553496,10.90021233,14.35777515,16.5368001,33.46749256,8.507257338,7.691437006,103.7711552,8.089031156,3.53717087,9.338976309,16.70874581,0.6362717,1.439148081,0.674493325,0.297238197,0.984250486,1.119080772,3.971259118,2.135840441,2.406929521,1.227601513,21.10156881,2.377068635,1.74605858,1.10260848,1.139097538,1.327677431,1.257187911,0.9698403,1.783975988,2.344968601,1.421767392,1.433083497,0.796109195,1.980281271,0.678363712,0.274022003,1.046662214,1.259878386,0.684823279,1.440322829,4.090052271,2.808066369,0.649543019,2.143312345,1.303237519,3.675368384,0.995997231,2.602678272,1.838274091,1.915237784
"8-HDHA",6.754242965,2.912498739,2.55489403,1.648668513,2.397635611,2.083247652,1.816942658,6.353754771,2.551509725,1.857390855,8.426570289,1.175708095,1.150431697,1.240571669,1.579412163,0.531236987,0.825092811,0.322761902,0.229788241,0.612884374,0.661460555,0.904603858,1.099048307,1.065434185,0.439281112,5.329772125,0.989282418,0.68313191,0.528737859,0.287830868,0.756443347,0.573425526,0.113574711,0.61830369,0.27332272,0.44030828,0.406391769,0.151647924,1.016905031,0.284840721,0.255392177,0.373399948,0.586240528,0.179980987,0.610883548,1.043936509,1.64829175,0.37151206,0.662967134,0.99711036,1.653451544,0.289873713,0.524861403,0.739734373,0.442748473
"10-HDHA",27.62475048,8.032312499,11.36455303,7.732952857,7.965368904,9.690804634,5.355830917,21.24572042,6.733878192,8.276865872,37.2807232,4.690591038,4.342999789,4.778682987,6.336240459,1.441883845,2.250328762,0.876799136,0.391702148,2.371596749,1.59580449,2.496157219,3.623206593,3.533195931,0.809874366,22.32538032,2.996628733,1.932278309,1.952122519,0.81422759,2.469366945,2.458285481,0.854967357,2.330015905,1.254835335,1.617672735,1.723939371,0.588120731,3.030238253,0.82294865,0.962548909,1.352806035,2.001819294,0.596171104,1.953086347,3.802519673,6.74176993,1.298031577,2.479804206,4.482157308,5.816240217,0.981058515,2.058046717,1.874261484,1.405715745
"11-HDHA",12.55304485,4.184808652,5.471255669,3.958293525,3.352212913,4.205892018,2.799188769,8.806059657,3.638971959,3.92732206,16.77355948,2.269868576,1.509378149,2.350760107,2.07134581,0.631050256,1.204074268,0.492443505,0.148544944,1.006148739,0.940640428,1.46419759,2.229005176,1.985937479,0.376727461,8.70622769,1.631817737,0.871211493,0.758187489,0.211368143,0.557088518,1.235741449,0.460874524,1.265929169,0.502041466,0.654911744,0.794355656,0.354324251,1.609199495,0.433020708,0.467095143,0.762054002,1.1546726,0.264863466,0.856020526,1.773457002,3.346118488,0.656183239,1.371467927,2.286324878,2.032159211,0.391722207,1.184921751,0.811603558,0.672980051
"13-HDHA",16.75912472,4.814448157,7.754149481,2.389120903,5.052754586,7.068024137,3.70738688,13.34105682,4.534876134,5.841893831,26.56734043,2.705921833,3.128540535,3.522796728,5.150419858,0.943458967,1.683890466,0.791450833,0.318468551,1.712192322,1.223653542,0.825868711,3.02777742,2.876010688,0.439201731,12.58226904,2.296394206,1.142180195,1.325456545,0.618570432,1.269987304,1.894768501,0.402986411,1.798815041,1.015825986,1.44915127,1.283252819,0.414753378,2.622347315,0.545875953,0.510819865,0.974094063,1.485660774,0.378187115,0.716657433,2.721342801,6.257636774,0.961495998,2.050538412,3.366880576,1.741346795,0.759996606,1.839959736,1.128860422,0.884448316
"16-HDHA",30.93426914,5.666338033,12.61303365,8.154657391,6.061747004,10.4185949,6.213376717,19.67353456,5.578853603,7.564509257,44.45835555,4.043670274,3.553332358,4.635958554,7.663261639,1.137556524,1.873818357,0.844839072,0.435805964,2.181963542,1.305172818,2.506162909,4.414036809,3.400554339,1.177942868,20.46126164,2.852625059,1.539616327,1.740166611,0.756202221,2.030987957,2.355619947,0.778589235,2.224434757,1.314393034,1.808675205,1.557100073,0.638294919,3.392201708,0.626429789,0.562002383,1.320923803,1.910243056,0.531388633,2.215072646,3.691448392,8.151861573,1.24600202,2.714263698,4.156022159,5.118564791,0.883162387,2.696940665,1.375224272,1.488549683
"20-HDHA",9.409255027,1.97405346,4.77421131,3.262545755,2.188249194,3.876600017,2.683307182,6.456496019,2.039031068,2.825389943,16.75241282,1.822065039,1.710347966,1.938453095,2.913643018,0.637250411,0.835044537,0.355405534,0.165941631,0.901424075,0.64310922,1.149663855,1.758349014,1.378617788,0.385763122,8.415889078,1.109972548,0.82013873,0.596312386,0.316161913,0.869057382,1.009249253,0.323282237,0.937402355,0.505211976,0.945292177,0.750255407,0.213939838,1.225479684,0.321221981,0.214727262,0.481163263,0.859480106,0.259242072,0.898082225,1.448942811,3.068394254,0.358898922,1.124957369,1.168092666,2.24785696,0.427287159,1.035674972,0.618514269,0.566775307
"19(20)-EpDPE",2.232942043,0.430688399,1.157111073,0.638768463,0.331596854,0.706069054,0.878860736,1.309854826,0.304532404,0.478217812,4.432530858,0.433532994,0.154943235,0.39283365,0.755062119,0.044286246,0.081170694,0.019818948,0.009619559,0.053595616,0.083259953,0.294277911,0.13435165,0.18744952,0.113103199,1.019416567,0.110437097,0.189363142,0.04935654,0.073310315,0.024301419,0.068106821,0.068243782,0.067957093,0.052081895,0.084255142,0.075650312,0.049225001,0.081676248,0.023164975,0.013324764,0.057976021,0.076399681,0.048132731,0.0916642,0.175165975,0.196716623,0.008091624,0.113121036,0.107812196,0.311746463,0.073354974,0.219219887,0.152097104,0.108088712
"16(17)-EpDPE",0.511212181,0.094850825,0.023268207,0.112596754,0.078501318,0.193183029,0.011686475,0.190577849,0.002231301,0.034427767,0.670629727,0.156173822,0,0.117449839,0.129504155,0.021252919,0.030558594,0.015732986,0.01770119,0.005751662,0.033284336,0.112438767,0.069608788,0.071204198,0.069010934,0.27589652,0.038173447,0.0627762,0.053532871,0.020494602,0.003442119,0.044000423,0,0.050788006,0.020987769,0.008955834,0.054920137,0.017384913,0.0322931,0.011836356,0.014806856,0.011607612,0.037579635,0.032002251,0.036746161,0.037713653,0.100479579,0.075747791,0.020855953,0.054273317,0.059030383,0.089533334,0.086504311,0.042340295,0.076265619
"PGD3/PGE3",0.706622711,0.576403789,0.340612401,0.402587757,1.284255486,0.578902709,0.151994531,0.632436382,0.400727798,0.720414478,1.44569291,0.737459817,1.164347887,1.033114549,1.584561909,0.311044189,1.735443299,1.581267916,0.847040691,0.380946652,0.802456532,0.701049736,0,0.326308091,1.23823764,0.797864587,0.942229846,1.864495194,0.246863536,1.170983075,0.418620595,0.707053952,0.428248979,0.311576101,0.479488794,1.049848998,0.63390729,0.160742999,0.397054695,1.286926079,0.120834457,0.484059051,3.780585876,0.983968063,0,1.57439931,0.061806722,0.910594051,0.617751198,1.427055292,0.351784699,0.224933113,0.400514286,1.192367998,0.316620291
"15-keto-PGE2",0.015983622,0,0,0,0.016864761,0,0,0.017728151,0.011382212,0,0,0,0,0,0,0,0,0.049408121,0,0,0,0,0.022728494,0,0,0,0,0.011166043,0,0.010451893,0,0,0,0,0.009214321,0.014906231,0,0,0,0.012022602,0,0,0.023462206,0.005221018,0,0,0,0.012850691,0.00322718,0,0,0,0,0,0
"PGK2",0.045713801,0.15885428,0.096553594,0.139799405,0.082181722,0.065634781,0.022367524,0.058792849,0.065343654,0.083102289,0.172566804,0.174239707,0.055149919,0.222238842,0.114795483,0.014695267,0.027819548,0.083424189,0.019807496,0.064043807,0.055057704,0.030480894,0.041746915,0.039622712,0.043346111,0.02173684,0.078628409,0.040461131,0.053603817,0.033443039,0.014688348,0.02333816,0.06048268,0.012404027,0.043593262,0.097403809,0.060344584,0.013030496,0.035924995,0.005812505,0.004402617,0.04580637,0.088573631,0.031190316,0.044717527,0.049700619,0.070782214,0.176357317,0.018189637,0.094112005,0.046270552,0.094088807,0.024053796,0.100907113,0.029272136
"13,14-dihydro-15-keto PGE2",5.754300038,3.628721987,8.98647215,4.781794689,7.952681122,5.771791506,1.920285727,3.153122815,5.71282388,3.085899015,4.083960267,8.332649804,5.146899203,7.340133337,8.2318621,1.375533956,3.592802549,2.811072496,1.435724817,3.576375041,1.506555522,2.805036404,4.687914035,3.272327069,2.311827361,1.949516624,4.617106982,3.903906859,1.725198594,2.360143561,1.536917775,3.113753944,1.823420287,1.107079059,1.444443272,3.136674158,1.654982087,1.213141774,2.084732136,1.772126383,0.182540216,3.026735776,6.131246836,2.252344436,3.190598399,4.007735649,2.689149312,2.864602744,2.449804462,6.04633895,2.959794029,2.288501164,1.600950903,2.920066436,0.929060474
"13,14-dihydro-15-keto PGD2",4.154396761,5.637166416,8.464456574,9.114755117,6.16934564,1.608773993,1.39419464,0.988919353,3.245179272,2.440424029,5.861448049,0,9.619072658,6.632104681,1.392012862,0,5.743812345,4.025058,1.745491263,3.635124836,2.50844806,2.522841406,1.827041689,8.392691511,0.289444739,1.679184699,4.821844781,3.940218501,2.780773334,0.634581351,4.451534946,2.401880432,1.304188061,2.958337455,1.56490743,8.379424211,1.102000607,1.965865813,2.256863377,1.968197269,0.521976455,3.640583492,18.83832713,2.135886202,0.722412879,3.555817996,4.497781261,4.359020063,2.376718418,3.44138779,3.967469661,1.898949283,0.745062639,0.486850357,0.392914508
"15-keto-PGF2a",1.183157217,0.726315152,2.351262393,1.736079438,1.396155902,1.219700773,0.465200471,1.870887964,0.892547998,0.907944568,1.329171642,0.794000667,1.220790304,1.417730866,1.969594703,0.027640588,1.712487335,0.492313607,0.372349769,0.608693036,0.404246157,0.736627838,1.82184842,1.143171912,1.271527039,0.579280432,1.34030225,0.702553422,0.259421968,0.5366082,0.286194133,0.695291796,0.312090736,0.341350907,0.327108234,0.841752826,0,0.315437574,0.367673597,0.659002946,0.011773592,0.767370488,2.041320196,0.531113539,1.053890491,0.8772018,0.946403903,0.899092341,0.221055184,1.539633675,0.66194522,0.481395495,0.597153896,1.053103936,0.421097497
"PGE2/PGD2",0,12.36941092,13.26400609,14.21887274,25.31399336,12.66375197,3.831852836,7.829619818,10.69973287,8.382526013,15.27686813,25.0613996,23.41998238,18.05297552,18.68888407,4.255953274,10.57731824,7.542915494,6.381396373,7.828453302,5.013350083,6.068307132,13.57167951,7.931552998,7.481545347,3.979325188,7.879750568,9.510492012,5.364483615,5.41106611,7.115132707,7.998300324,5.523554195,3.877152471,4.064860762,15.32383788,3.896815621,3.857867085,4.558422869,6.864449343,1.256024184,9.379980557,13.42285558,9.236129241,6.772355405,8.073716164,5.585164369,8.163415465,6.214189912,13.20991296,7.771952439,8.885949697,3.465897543,7.034249735,5.811406309
"PGD2",1.523452246,1.746833524,2.996334607,3.255000285,2.245079547,4.253622165,1.326603053,2.083659415,2.405890011,1.370362682,4.898860533,2.794248618,7.135062127,3.750121388,2.596403152,0.528142725,2.051047088,1.191535296,0.61496198,1.063253842,1.16099929,0.846481588,1.967080547,1.785808465,1.706737085,3.310244733,4.005134598,1.633209729,1.052252301,1.396095732,0.29867191,0.868538208,0.58992026,0.981481931,1.323470324,2.332244901,1.093240607,0.682282728,0.282764872,1.366841246,0.145757017,1.578332965,2.494343038,1.285361641,0.475574905,1.191857212,0.39622626,1.389474583,1.375821041,1.349069496,1.695676827,1.604046947,1.335229504,1.252525766,1.268345369
"LXA4",0.859835757,0,0.498276746,1.396104941,0,3.160472063,1.643019812,0.514265369,0.960962917,0.748130896,1.606151567,0,1.462376083,1.810640275,3.268637185,1.270756254,0.937011465,0.6348429,0.419854284,1.003192689,1.153054048,0,2.81794589,0.771466787,1.127828289,0.868520378,2.899762575,0.568511377,0.947701718,0.818200852,0.183336383,0.918051225,0.789290462,0,0.550005771,1.326349455,0.538373934,0.327490266,0.574151441,0.326182587,0.092483248,2.209729163,5.077810784,1.071636918,4.371103993,1.262435684,1.010362253,1.656306029,0.768875051,3.904246047,0.749901129,0.698464758,0.499315564,2.003700012,0.872893205
"LXB4",0.047639467,0.038031441,0.050224758,0.064510866,0.017593198,0.018208845,0.029937151,0.014770774,0.093367627,0.027031515,0.09992164,0.044835781,0.129427569,0.036780581,0.074507091,0,0.044518906,0.043289718,0.013915973,0.033084743,0.023965643,0.037631556,0.018965269,0.04095352,0.023773031,0.034210081,0.029044252,0.03846227,0,0.025921873,0,0.022951154,0,0.015351394,0,0.025048608,0.031260948,0.008793064,0.007177214,0.01201816,0.005440122,0.030623563,0,0.023466797,0.035893552,0.005441339,0.037564297,0.036753965,0.019532478,0,0.016535587,0.021045671,0.008998529,0.02774898,0.004369241
"PGF2a",1.91385877,0.923116342,1.416175114,2.370766643,1.883308796,0.156958387,0.823749148,1.037811058,0.83930957,0.962136753,4.441337932,0.950202718,1.123064889,1.986110019,3.90485764,0.12541,0.593922608,0.369340697,0.387103417,0.965560954,1.020789148,0.489903541,1.035791947,0.619969043,0.574003363,1.550677336,0.458276638,0.630229479,0.207071236,0.185873188,0.565867494,0.269588079,0.694413421,0.453527533,0.269488236,1.302117372,0.163506425,0.28858569,0.237338803,0.276329758,0.092559102,0.471088508,1.391298555,0.406409305,0.770061225,0.873979071,0.839728141,0.679753917,0.642478996,1.003720223,0.881102086,0.929215718,0.746905061,0.641253304,0.48688378
"8-iso PGF2a",1.910891035,1.097674346,2.534396815,3.463883224,2.957619606,1.644245275,0.811544983,2.529838553,1.452726184,1.183449743,4.485439904,2.117418401,2.422758092,2.072885435,4.325163398,0.370020163,1.306319469,0.367660538,0.289372761,0.755263288,0.724755219,0.57815975,1.187620642,0.638248003,0.525141309,1.556090723,0.959694654,0.608794072,0.565573754,0.328604371,0.526581008,0.466012306,0.203952967,0.443707805,0.626725789,1.109160684,0.909761633,0.31063812,0.501401362,0.780520864,0.108581824,0.91940316,0.801732057,1.289740955,0.539841897,0.748442953,0.854427756,1.267065426,0.601972565,0.999195676,0.482041562,0.890674045,0.76294334,0.65768743,0.57137593
"5-iPF2a-VI",3.059330819,1.940136045,5.198964478,3.820282726,4.503823461,2.435965472,2.671350508,2.475682977,1.812225273,1.539061189,4.300679265,3.683934827,4.176556962,5.632298925,9.829041556,0.459663521,1.786532851,0.718581978,0.447826838,0.670441912,0.587087453,1.296757206,1.656749171,1.232027796,1.75855928,1.827025216,1.807469873,0.461124693,0.522459524,1.322794962,1.049840999,1.201541498,0.795159363,0.476063345,1.494016144,1.850672334,1.126873309,0,0.822097366,0.988244496,0.230750065,1.07032845,2.40602081,0.995912505,0.815314366,2.002884002,1.596111138,0.567421116,1.59065722,2.432512901,2.200174555,1.179904406,0.725649912,1.126132597,1.11037283
"PGE1/PGD1",2.576978283,2.021442567,4.834061469,12.54136708,1.72210008,2.446913642,1.451760162,1.096384978,2.201017058,5.900566135,4.332901091,3.058945693,6.207066312,4.757366497,3.306092192,0.294995876,0.928812824,1.073080744,1.00643844,1.428465777,3.23918661,0.463503221,5.719036856,0.360924729,0.375497507,2.053601132,0.961373169,1.72816295,2.18375175,1.852306751,1.006250233,0.702899198,1.155025787,0.852156764,0.624365341,0.628499897,1.173877597,0.649886486,3.85114829,0.987464971,0.239043578,1.5460078,1.537961189,6.570253065,1.737871189,2.355573354,0,0.315725473,0.434448124,1.88320815,1.237060508,1.366027252,1.17410726,1.743477328,0.921918982
"11-beta-PGF2a/PGF2b",1.857824192,1.084870075,2.484411832,3.1816516,2.880371617,1.579987109,0.807899027,2.475056345,0.988735143,1.191686888,4.531820015,2.074214225,2.494520677,2.147476707,4.316200806,0.281885055,1.2261085,0.566105688,0.278922488,0.925115304,0.736611368,0.555953606,1.193377068,0.656359826,0.494955791,1.178992374,1.171747348,0.62026025,0.538886508,0.351370866,0.488535161,0.689041248,0.601137596,0.326199141,0.575935092,1.004692368,0.861991235,0.305953923,0.506309527,0.724236153,0.111367686,1.140877433,1.33494992,1.246562534,0.528094368,0.69273079,0.855598451,0.797142008,0.606100462,1.094124073,0.490117863,0.663080309,0.71612503,0.888502961,0.626214487
"13,14-dihydro-15-keto PGF2a",47.14186423,15.89713571,49.38198536,27.69584843,19.20568419,18.63310804,8.869809318,15.17889723,28.96960011,30.60412296,43.37608129,32.92579502,27.57301448,29.89696249,15.8596585,0.37752159,8.571519696,6.785457253,2.540394533,9.557704433,4.755643648,7.37461641,6.889502719,7.956659283,3.187620194,3.257076009,9.205200084,9.188099632,5.188781179,0.708038765,2.844531021,6.021985607,5.961135164,5.308711244,7.642290242,14.06132865,6.888709576,1.627571258,7.004111452,2.075893088,0.063970204,8.982412328,21.0841889,9.215754322,9.124605952,21.54518782,4.969489792,9.037635949,4.383540502,8.487001714,19.65945751,2.154464777,8.002503669,9.358932071,4.668746561
"Maresin1",0.133780407,0.076592945,0.072468174,0.044285505,0.090749493,0.179429129,0.095146703,0.01791291,0.112894875,0.030488626,0.232308462,0.072918275,0.048457908,0.178138555,0.274630688,0.023068555,0.011746561,0.067948936,0.020665425,0.031718565,0,0.035696898,0.118802498,0.008137392,0,0.112756816,0.018602896,0.010838708,0.008004539,0.024557114,0.009789957,0.052341124,0.002175153,0.026404768,0.01345437,0.072978332,0.019202177,0.013044961,0.018600628,0.023183276,0.020559538,0.04934052,0.075076115,0.04439808,0.02356983,0.025068851,0.037745632,0.027711897,0.002301804,0.153348847,0.084404846,0.009095586,0.004835568,0.061059867,0.026543173
"PD1",20.42661305,17.68576109,21.13724056,8.584039868,20.25479416,18.08680518,9.393245171,29.12206869,20.49641712,22.96476651,85.12605778,15.25811415,16.82117723,16.78544991,14.32166442,5.278870241,9.044819916,4.560212456,3.047347944,9.533291376,8.580183946,8.219569214,13.725866,14.62270211,2.49342858,21.98314666,15.3481714,8.596776309,6.266356326,4.014309754,7.376375778,14.32650475,6.988512096,12.19483087,4.659829666,7.455073447,6.31306623,0.710071926,10.43876593,3.792493447,1.490240886,6.986609158,20.36298896,4.025315952,16.20327147,16.53967931,15.51078314,5.364987431,6.987741541,17.71803324,11.08949897,4.723479329,7.729393812,15.72234884,5.39672191
"19,20-diHDPA",0.36939061,0.370437786,0.112738078,0.443507034,0.549404633,0.337713195,0.614116629,0.807825017,0.4190436,0.198099755,1.360865221,0.12957725,0.141702045,0.399339217,0.443191385,0.081795787,0.192048884,0.074628049,0.045477278,0.161714801,0.111988203,0.377444419,0.527111418,0.133917856,0.112125466,0.312662652,0.277097542,0.208533088,0.044626709,0.170112721,0.17974616,0.100455638,0.140644029,0.095423143,0.166803218,0.05907876,0.170645806,0.183728798,0.190762372,0.154908144,0.077697246,0.115230996,0.205248809,0.130083855,0.1899478,0.100758935,0.089243984,0.130199849,0.179266255,0.173556112,0.03042806,0.166209658,0.119200955,0.201090299,0.152927726
"20-carboxy LTB4",0.587947419,0.178578068,0.22178789,0.471989521,0.284976023,0.30085012,0.341395519,0.098841596,0.175213764,0.19020826,0.702596691,0.30948526,0.084031098,0.616790572,0.104119709,0.105439909,0.307806691,0.088561111,0.030929168,0.081394194,0.204220318,0.329340896,0.398488043,0.101671357,0.256115534,0.403244205,0.046033825,0.020456363,0.045433533,0.121002967,0.024713478,0.099462189,0.025695546,0.098418837,0.320288407,0.356950845,0.175759746,0.078117178,0.075747427,0.219232515,0.017355214,0.153422728,0.177593659,0.141084091,0.131359469,0.098765859,0.057222132,0.129518995,0.059631987,0.225855866,0.174271249,0.191044337,0.082056515,0.313266169,0.170972746
"TxB3",0.790612005,0.484045583,0.87672711,0.809890547,0.583074031,0.050829774,0.435516317,0.203207294,0.39471793,0.269655992,0.834533057,0.957427346,1.67149299,1.205275885,1.353978083,0.079511369,0.377258218,0.614638107,0.166985886,0.263067355,0.155515287,0.097195646,0.174704715,0.40153213,0.262490804,0.039162162,0.673209275,0.10159357,0.088363754,1.421833202,0.094740551,0.131248389,0.254117969,0.131095728,0.306185999,0.055389503,0.091113556,0.081589006,0.141112179,0.256904034,0.020572438,0.431441549,1.423300494,0.320961024,0.170459429,0.323539987,0.297562975,0.200787408,0.299058027,0.380575848,0,0.216899336,0.397361339,0,0.290206971
"11-dehydro TxB2",0.102271032,0.159394129,0.261984854,0.401951862,0.118273584,0.261395221,0.082052994,0.169582726,0.135631952,0.117648484,0.396089049,0.165660572,0.38053336,0.172120898,0.138394046,0.02218185,0.101493228,0.034377945,0.023572745,0.07893437,0.010768636,0.058797778,0.176426669,0.151396811,0.032420967,0.053602863,0.080970045,0.13330998,0.086943868,0,0.061650389,0.075134618,0.009864483,0.008667157,0.079022634,0.088138011,0.090176602,0.030319525,0.05343763,0.032092609,0,0.043424415,0.351742593,0.087066836,0.051909404,0.043489025,0.164584555,0.058520487,0.036642936,0.268569307,0.164779149,0.019578028,0.03214502,0.075973387,0.022613919
"19/20-OH PGE2",0.028368129,0.051626202,0.251688579,0.28734256,1.352140225,0.326322743,0.088813165,0.557126507,0.104098073,0.296391665,0.719179103,1.041101625,1.075098722,0.849458168,0.158978435,0.008659414,0.206578898,0.375207051,0.134408118,0.076893983,0.108083469,0.304130784,0.156376271,0.07302373,0.170006815,0.040755957,0.07791606,0.080881951,0.185608651,0.412371411,0.114400551,0.251084611,0.035062149,0.081054085,0.192636087,0.153414048,0.282737775,0.215193021,0.321971728,0.038090126,0.008464778,0.026735737,0.5307534,0.135392094,0.019004251,0.100063287,0.062964308,0,0.013876797,0.707733058,0.008383566,0.062625405,0.05893703,0.120470762,0.067871628
"6-keto PGE1",0.101240825,0.089905661,0.188489947,0.286960399,0.067742964,0.19306627,0.013859749,0.190976914,0.247145347,0.110967593,0.377831519,0.228714832,0.080322778,0.527795699,0.313555998,0.167896809,0.261726168,0.08998563,0.123086526,0.282866315,0.145054772,0.175117578,0.420029813,0.1441398,0.157205688,0.087462747,0.11728485,0.113235048,0.049600792,0.185370521,0.060125639,0.105763042,0.092679016,0.028064646,0.033610488,0.199914639,0.153553087,0.087551827,0.1184376,0.187708669,0.023290505,0.120915942,0.548977646,0.209012213,0.252781052,0.274675088,0.14388427,0.028478168,0.157708729,0.336682602,0.053941907,0.064682939,0.12786351,0.174656351,0.047665632
"TxB2",3.215755924,0.885562756,2.71520513,1.609880103,3.038672925,0.655202245,0.467696503,1.404060987,1.517025187,1.636636437,2.87294208,1.633333277,1.96024469,2.998631389,4.728432763,0.080065401,0.403307753,0.201078447,0.236818952,0.429013955,0.447827842,0.467420124,0.399185977,0.272671778,0.31435986,0.470914427,0.679858893,0.656332294,0.027624613,0.312369295,0.036743294,0.160220357,0.261648938,0.160261327,0.522692808,1.20643817,0.334587336,0.173795174,0.157744285,0.587995276,0.091159611,0.421143169,3.20509828,0.620192374,0.586200343,1.053272317,0.571318351,0.655541211,0.137922286,0.670791486,0.410273719,0.345789913,0.220324453,0.421963607,0.209685188
"6-keto-PGF1a",0.298928945,0.162228639,0.486625969,0.108343376,0.104599286,0.083197524,0.092830457,0.131739056,0.07909369,0.135122002,0.623134716,0.323199817,0.263659109,0.200491678,0.369459512,0.0072196,0.083484075,0.10558245,0.03461685,0.046029989,0.017931574,0.118287913,0.032467216,0.025584021,0.055964003,0.029320055,0.153521935,0.100736203,0.037618297,0.166627877,0.016117448,0.025777687,0.065743775,0.040549254,0.068511364,0.130913223,0.070333541,0.033982233,0.061685521,0.028093881,0.013743896,0.073735888,0.544204871,0.005466797,0.025614087,0.031333244,0.040901822,0.064115797,0.014843046,0.029563942,0.043089984,0.016436595,0.033837545,0.09566033,0.038866937
"19/20-OH PGF2a",0.229306744,0.270490422,1.326911488,0.719211721,0.025136453,0.670280836,0.09631376,0.124385053,0.041752315,0.426675012,1.01077192,0.243836562,0.827982162,0.242143761,0.866797334,0.037227699,0.143593871,0.215160761,0.025764586,0.323849314,0.179598715,0.098155293,0.237709073,0.050745352,0.033832199,0.15463636,0.121183631,0.313579549,0.155114824,0.156488192,0.053669695,0.143174582,0.006965316,0.037709472,0.191731905,0.051659829,0.222835021,0.007666661,0.087518976,0.128808388,0.038923477,0.406518103,1.151312492,0.325438088,0.077942698,0.355606124,0.133752953,0.054194735,0.086351876,0.064268141,0.206673455,0.0981212,0.148242608,0.029727021,0.109043792
"6,15-diketo-13,14-dihydro PGF1a",0.022615323,0.016571126,0.084350428,0.00730996,0.014053008,0.042909575,0.118105557,0.073446957,0.011388338,0.043880927,0.027849917,0.048517312,0,0,0,0,0.043374479,0,0,0.007440463,0.005855416,0.014851807,0.009144257,0.015548748,0.010745532,0.018967109,0.022382939,0.013399252,0.008515714,0.065212481,0.002809447,0.016707363,0,0,0,0.05332843,0.012052145,0,0,0.018832178,0,0,0.071622515,0,0,0.020546055,0,0,0,0.023078401,0,0,0.009129595,0.050275083,0.00637921
"RvD1",1.090116202,1.613966894,1.848446681,0.981759154,1.736377063,2.146560318,0.792807181,1.606212081,3.633930073,1.034852726,5.923377001,1.562556105,2.096530296,2.070347555,2.432345313,0.468253223,0.579270534,0.962284905,0.289925992,1.490318367,1.296800628,1.361225299,2.648056499,2.8547349,0.727949824,2.43909249,1.871522377,1.380743488,0.452715178,0.211441339,0.973610559,1.253635538,2.049083709,2.583460521,0.742424525,0.943617735,0.709391393,0.244757274,1.062449851,0.490624704,0.157684058,0.748113817,3.446690715,0.559173135,1.177643633,1.569253434,1.408285141,0.643530684,0.91535783,0.686476832,1.683845798,0.285092359,0.417328435,2.165945041,0.45736619
"RvD2",0.127303022,0.27558823,0.357395263,0.142264197,0.948438405,0.637769847,0.316836208,1.034402575,0.291127389,0.324107585,1.265718074,1.101575378,0.485262677,0.566731702,0.213127791,0.238309035,0.303221909,0.146423808,0.145889462,0.484738843,0.314754305,0.262323246,0.662166893,0.908949179,0.133562785,1.960145129,0.524143704,0.487665195,0.249233671,0.190187261,0.470869942,0.771566027,0.43997955,0.163089404,0.386160018,0.190630544,0.38063217,0.111123652,0.313753644,0.246442459,0.123766634,0.388379915,0.394072152,0.341137721,0.609384763,0.467760873,0.172384607,0.184091118,0.295609118,0.558613245,0.333649403,0.224791307,0.260701051,0.695249774,0.165008249
"LTE4",0,0,0,0,0,0,0,0.012728047,0,0,0,0,0,0,0.012989056,0,0.004404165,0.0169791,0,0,0,0,0,0,0,0,0,0,0,0,0,0,0,0,0,0,0,0,0,0,0,0,0,0,0,0,0,0.008544811,0,0,0,0,0,0,0
"LTD4",0,0.009895358,0,0,0,0,0.009753816,0,0,0.034894577,0,0,0,0,0,0.005121371,0,0,0.00695736,0.00927208,0.009234331,0.015762649,0.003684805,0.0091395,0,0.009070897,0.019459664,0,0.011209358,0,0,0,0.019217029,0.019129768,0,0,0,0,0.008647864,0,0,0,0,0,0,0,0.024640274,0,0,0.005830963,0,0,0.009293352,0,0
"LTC4",0,0,0,0,0,0,0,0.014374558,0.011388241,0,0,0.057101168,0.022745083,0.024195873,0.048129487,0,0,0,0,0.02796523,0.010781166,0,0,0.002416955,0,0,0,0.020746896,0,0,0,0,0.027244282,0,0,0.023874332,0.010981244,0,0,0,0,0,0.011977558,0.018013703,0,0.016363103,0.015053433,0.006807282,0,0.015364278,0.016438362,0.021785792,0.012764204,0.001962531,0
"PGF1a",0,0.047564128,0.760175422,1.333569828,0.080907225,0.11720008,0.088899628,0.381361246,0.369482331,0.120264231,0.858495708,0.42860184,0.666315307,0.897047026,0.568714749,0.278113429,0.074660296,0.386171271,0.151222132,0.061394915,0.287137131,0.192774354,0.292486986,0.072309748,0.304209385,0.522917371,0.09890291,0.323071972,0.118795517,0.232885713,0.229364089,0.52880361,0.316289443,0.115715902,0.412960569,0.084940061,0.256291019,0.096292233,0.27165277,0.34821593,0.09968768,0.462053707,0.412865861,0.007589644,0.417666494,0.067029893,0.250276805,0.289598003,0.096006947,0.21366622,0.532036017,0.061860271,0.008435364,0.037983661,0.29614262
"13,14-dihydro PGE1",0.074661528,0.081555825,0.185721062,0.124346136,0.172864352,0.150914475,0.125232387,0.089326688,0.081406814,0.094349167,0.493270092,0.36413091,0.174819606,0.035992323,0.07425058,0.050227159,0.039167355,0.056227903,0.106855557,0.079562157,0.041550045,0.163708371,0.024236084,0.030486696,0.021642277,0.010903275,0,0.155654148,0.145688419,0.049354557,0.087125927,0.171295012,0.057513853,0.03828837,0.11674425,0.034382146,0.033175904,0.105465954,0.116676156,0.192174294,0.051462226,0.125127477,0.03391028,0.037628794,0.174416608,0.266583642,0.020665984,0.063340952,0.047812633,0.171042462,0.12892357,0.048726102,0.030358647,0.016875027,0.035827554
